<?xml version="1.0" encoding="UTF-8"?>
<model xmlns="http://www.alfresco.org/model/dictionary/1.0" name="ai:ai">
    <author>Administrator</author>
    <imports/>
    <namespaces>
        <namespace uri="http://www.mycompany.com/model/ai/1.0" prefix="ai"/>
    </namespaces>
    <data-types/>
    <constraints/>
    <types/>
    <aspects>
        <aspect name="ai:labels">
            <title>labels</title>
            <description>used to simulate ai labels</description>
            <properties/>
            <associations/>
            <overrides/>
            <mandatory-aspects/>
        </aspect>
    </aspects>
</model>